{
  "stats": {
    "water": 2.1642944778491e-10,
    "urban": 1.215781528832011e-10,
    "vegetation": 8.424770450687773e-12,
    "barren": 2.6872112644435135e-12,
    "agricultural": 2.768335993697119e-09
  }
}