{
  "stats": {
    "water": 3.3415835210012447e-10,
    "urban": 9.514180422759467e-12,
    "vegetation": 1.8505444058924519e-10,
    "barren": 3.5972317277807356e-10,
    "agricultural": 2.2290054301901585e-09
  }
}