{
  "stats": {
    "water": 0.0,
    "urban": 6.442044301517287e-11,
    "vegetation": 1.3799192979574799e-12,
    "barren": 9.790164282350962e-11,
    "agricultural": 4.604572815289696e-11
  }
}