{
  "stats": {
    "water": 0.0,
    "urban": 7.342623211763222e-09,
    "vegetation": 0.0,
    "barren": 7.325192652210075e-10,
    "agricultural": 0.0
  }
}