{
  "stats": {
    "water": 0.0,
    "urban": 2.3785451056898667e-10,
    "vegetation": 0.0,
    "barren": 7.837287966415243e-09,
    "agricultural": 0.0
  }
}