{
  "stats": {
    "water": 0.0,
    "urban": 6.507263645178647e-09,
    "vegetation": 0.0,
    "barren": 1.567878831805583e-09,
    "agricultural": 0.0
  }
}