{
  "stats": {
    "water": 0.0,
    "urban": 1.605790298833678e-10,
    "vegetation": 3.994503230929547e-12,
    "barren": 1.750318688461856e-11,
    "agricultural": 2.7671013290621045e-11
  }
}