{
  "stats": {
    "water": 8.715279776573558e-13,
    "urban": 3.1741048946280893e-09,
    "vegetation": 3.7729898699416356e-10,
    "barren": 1.9121323829802382e-09,
    "agricultural": 2.6000584666777778e-09
  }
}