{
  "stats": {
    "water": 0.0,
    "urban": 3.973223422808413e-09,
    "vegetation": 0.0,
    "barren": 4.720195526992238e-09,
    "agricultural": 7.262733147144631e-14
  }
}