{
  "stats": {
    "water": 5.812365337659848e-10,
    "urban": 6.160177628076604e-09,
    "vegetation": 0.0,
    "barren": 1.9370435576749445e-09,
    "agricultural": 1.5033857614589384e-11
  }
}