{
  "stats": {
    "water": 0.0,
    "urban": 1.0908625187011235e-09,
    "vegetation": 0.0,
    "barren": 7.602556431099529e-09,
    "agricultural": 7.262733147144631e-14
  }
}