{
  "stats": {
    "water": 1.6156676159137946e-09,
    "urban": 1.2833975744319277e-09,
    "vegetation": 1.6508192443459745e-10,
    "barren": 2.616036479601496e-09,
    "agricultural": 3.013307982750307e-09
  }
}