{
  "stats": {
    "water": 1.567079931159397e-09,
    "urban": 5.274705202776731e-09,
    "vegetation": 0.0,
    "barren": 7.85972981183992e-10,
    "agricultural": 1.0657334620120032e-09
  }
}