{
  "stats": {
    "water": 8.841651333333874e-10,
    "urban": 7.2735546195338766e-09,
    "vegetation": 9.226576190132539e-10,
    "barren": 2.400260677799829e-09,
    "agricultural": 5.8329914997977384e-09
  }
}