{
  "stats": {
    "water": 6.25030814643267e-10,
    "urban": 4.200183833656683e-09,
    "vegetation": 3.6502496797548916e-10,
    "barren": 3.7836660876679386e-09,
    "agricultural": 8.339723845534708e-09
  }
}