{
  "stats": {
    "water": 2.368377279283864e-10,
    "urban": 4.6420485183289625e-09,
    "vegetation": 8.504660515306362e-11,
    "barren": 2.4755025932042476e-09,
    "agricultural": 9.872741558233997e-09
  }
}