{
  "stats": {
    "water": 4.718597725699866e-10,
    "urban": 4.500643103954056e-09,
    "vegetation": 3.3519692294016614e-09,
    "barren": 3.23990525694122e-09,
    "agricultural": 5.749252186611161e-09
  }
}