{
  "stats": {
    "water": 1.180920409725717e-10,
    "urban": 6.345377323328792e-09,
    "vegetation": 1.3603825457916607e-09,
    "barren": 2.3088228674772782e-10,
    "agricultural": 8.494347434237417e-09
  }
}