{
  "stats": {
    "water": 2.5346938683534762e-11,
    "urban": 9.089455788314449e-09,
    "vegetation": 2.0139559017032062e-10,
    "barren": 4.220882623126045e-09,
    "agricultural": 3.776548609183737e-09
  }
}