{
  "stats": {
    "water": 4.813013256612746e-10,
    "urban": 5.104176228481775e-09,
    "vegetation": 2.688736438404414e-09,
    "barren": 3.453429611467272e-10,
    "agricultural": 8.694072595783895e-09
  }
}