{
  "stats": {
    "water": 0.0,
    "urban": 9.121992832813656e-11,
    "vegetation": 0.0,
    "barren": 1.7222409621149948e-08,
    "agricultural": 0.0
  }
}