{
  "stats": {
    "water": 0.0,
    "urban": 1.166663664557872e-08,
    "vegetation": 0.0,
    "barren": 5.646992903899364e-09,
    "agricultural": 0.0
  }
}