{
  "stats": {
    "water": 0.0,
    "urban": 3.5362247693447206e-10,
    "vegetation": 0.0,
    "barren": 1.6960007072543614e-08,
    "agricultural": 0.0
  }
}