{
  "stats": {
    "water": 2.9050932588578523e-13,
    "urban": 9.22258168690161e-09,
    "vegetation": 8.715279776573558e-13,
    "barren": 1.0284030136356797e-09,
    "agricultural": 7.061482811637253e-09
  }
}