{
  "stats": {
    "water": 0.0,
    "urban": 4.926021384382317e-09,
    "vegetation": 0.0,
    "barren": 1.2342869728909357e-08,
    "agricultural": 4.473843618641093e-11
  }
}