{
  "stats": {
    "water": 0.0,
    "urban": 1.5745387581015144e-08,
    "vegetation": 0.0,
    "barren": 1.56824196846294e-09,
    "agricultural": 0.0
  }
}