{
  "stats": {
    "water": 1.3813718445869089e-10,
    "urban": 1.0343584548163384e-09,
    "vegetation": 5.824711984009994e-11,
    "barren": 1.6017231682712769e-09,
    "agricultural": 7.2179947109582196e-09
  }
}