{
  "stats": {
    "water": 1.3733828381250497e-10,
    "urban": 1.2283460571765714e-09,
    "vegetation": 3.34085724768653e-12,
    "barren": 1.157171272334554e-09,
    "agricultural": 7.52426416777331e-09
  }
}