{
  "stats": {
    "water": 1.0857786054981223e-10,
    "urban": 1.2478828093423905e-09,
    "vegetation": 4.938658540058349e-12,
    "barren": 1.954982508548392e-09,
    "agricultural": 6.734078801363973e-09
  }
}