{
  "stats": {
    "water": 6.536459832430168e-13,
    "urban": 5.095533576036673e-10,
    "vegetation": 7.262733147144631e-14,
    "barren": 6.049856711571478e-11,
    "agricultural": 8.27806324111545e-10
  }
}