{
  "stats": {
    "water": 2.4693292700291744e-12,
    "urban": 4.3053482096273373e-10,
    "vegetation": 6.609087163901614e-12,
    "barren": 1.769201794644432e-10,
    "agricultural": 7.820511052845339e-10
  }
}