{
  "stats": {
    "water": 9.44155309128802e-13,
    "urban": 3.940032732325962e-10,
    "vegetation": 1.7938950873447238e-11,
    "barren": 9.499654956465177e-11,
    "agricultural": 8.907015931658176e-10
  }
}