{
  "stats": {
    "water": 2.9050932588578522e-12,
    "urban": 3.5500239623242956e-10,
    "vegetation": 5.6140927227427996e-11,
    "barren": 1.033486926838681e-10,
    "agricultural": 8.811874127430581e-10
  }
}