{
  "stats": {
    "water": 2.1788199441433894e-12,
    "urban": 3.932769999178818e-10,
    "vegetation": 5.882813849187151e-12,
    "barren": 1.1707525833197145e-10,
    "agricultural": 8.801706301024578e-10
  }
}