{
  "stats": {
    "water": 1.0894099720716947e-12,
    "urban": 4.6161931883251276e-10,
    "vegetation": 0.0,
    "barren": 2.8760423262692737e-11,
    "agricultural": 9.071153700783644e-10
  }
}