{
  "stats": {
    "water": 5.875551116040007e-11,
    "urban": 8.657904184711114e-10,
    "vegetation": 3.1956025847436376e-12,
    "barren": 5.954714907343882e-10,
    "agricultural": 2.0982036062100838e-10
  }
}