{
  "stats": {
    "water": 5.040336804118374e-11,
    "urban": 7.398546256996236e-10,
    "vegetation": 1.4525466294289261e-12,
    "barren": 6.985296740923706e-10,
    "agricultural": 2.42793169109045e-10
  }
}