{
  "stats": {
    "water": 4.3358516888453444e-11,
    "urban": 5.592304523301365e-10,
    "vegetation": 1.2346646350145872e-12,
    "barren": 8.644831265046254e-10,
    "agricultural": 2.647266232134218e-10
  }
}