{
  "stats": {
    "water": 8.286778520892023e-11,
    "urban": 1.9376245763267162e-09,
    "vegetation": 1.5164586811237989e-10,
    "barren": 4.2828337368711887e-10,
    "agricultural": 1.5763762295877421e-09
  }
}