{
  "stats": {
    "water": 8.795169841192148e-11,
    "urban": 1.933557445764315e-09,
    "vegetation": 6.877808290345965e-11,
    "barren": 6.334555850939547e-10,
    "agricultural": 1.4530550207492264e-09
  }
}