{
  "stats": {
    "water": 1.1530315144406817e-09,
    "urban": 3.9979893428401765e-09,
    "vegetation": 1.2015465718636078e-09,
    "barren": 1.6447766503675504e-08,
    "agricultural": 3.3831554055355004e-08
  }
}