{
  "stats": {
    "water": 5.701245520508535e-11,
    "urban": 2.1134553458190877e-11,
    "vegetation": 7.843751798916201e-12,
    "barren": 9.194620164285103e-11,
    "agricultural": 1.2709783007503103e-10
  }
}