{
  "stats": {
    "water": 8.097947459066263e-11,
    "urban": 2.019766088220922e-09,
    "vegetation": 9.91363074585242e-11,
    "barren": 3.9531056519908225e-10,
    "agricultural": 1.5816053974536863e-09
  }
}