{
  "stats": {
    "water": 7.951240249493942e-10,
    "urban": 1.3232118775445746e-08,
    "vegetation": 1.162037303543141e-12,
    "barren": 9.084517129774391e-09,
    "agricultural": 3.35189660207019e-08
  }
}