{
  "stats": {
    "water": 5.7302964530971136e-11,
    "urban": 1.9972516154647734e-11,
    "vegetation": 4.793403877115456e-12,
    "barren": 7.734810801709032e-11,
    "agricultural": 1.4561779960024985e-10
  }
}