{
  "stats": {
    "water": 8.86053443951645e-11,
    "urban": 2.0610184124967034e-09,
    "vegetation": 1.8737851519633147e-11,
    "barren": 3.606673280872024e-10,
    "agricultural": 1.6477688964241737e-09
  }
}