{
  "stats": {
    "water": 5.672194587919957e-11,
    "urban": 1.8447342193747363e-11,
    "vegetation": 3.6313665735723153e-13,
    "barren": 8.875059905810739e-11,
    "agricultural": 1.4075176839166295e-10
  }
}