{
  "stats": {
    "water": 1.2006750438859504e-09,
    "urban": 1.3237057433985804e-08,
    "vegetation": 0.0,
    "barren": 9.450268371064593e-09,
    "agricultural": 3.274388713923862e-08
  }
}