{
  "stats": {
    "water": 1.308163494463691e-09,
    "urban": 3.7867890629212105e-09,
    "vegetation": 4.6278135613605587e-10,
    "barren": 1.678969598024307e-08,
    "agricultural": 3.4284458094410946e-08
  }
}