{
  "stats": {
    "water": 8.453821383276351e-11,
    "urban": 1.8419743807788212e-09,
    "vegetation": 2.524526041947474e-10,
    "barren": 5.325035943486443e-10,
    "agricultural": 1.4653290397679008e-09
  }
}