{
  "stats": {
    "water": 8.087779632660261e-10,
    "urban": 5.3991158215873185e-09,
    "vegetation": 1.8214934733038734e-10,
    "barren": 1.71365641153507e-08,
    "agricultural": 3.310528074064054e-08
  }
}