{
  "stats": {
    "water": 5.338108863151304e-11,
    "urban": 2.1715572109962447e-11,
    "vegetation": 0.0,
    "barren": 6.594561697607324e-11,
    "agricultural": 1.6399251446252575e-10
  }
}