{
  "stats": {
    "water": 8.301303987186313e-11,
    "urban": 1.8084931809704846e-09,
    "vegetation": 1.7212677558732774e-10,
    "barren": 5.821806890751136e-10,
    "agricultural": 1.5309841474180882e-09
  }
}