{
  "stats": {
    "water": 1.2611009836701937e-09,
    "urban": 5.5005035763214575e-09,
    "vegetation": 5.083913203001242e-11,
    "barren": 1.644398988243899e-08,
    "agricultural": 3.337545441371432e-08
  }
}