{
  "stats": {
    "water": 5.6358809221842335e-11,
    "urban": 1.9754634160233395e-11,
    "vegetation": 3.994503230929547e-12,
    "barren": 9.601333220525202e-11,
    "agricultural": 1.289135133618172e-10
  }
}