{
  "stats": {
    "water": 3.702541358414333e-10,
    "urban": 5.037722220185402e-09,
    "vegetation": 1.4013443607415565e-09,
    "barren": 2.190004553189992e-09,
    "agricultural": 2.2476706543783205e-09
  }
}