{
  "stats": {
    "water": 5.051085649176148e-09,
    "urban": 5.86974092952229e-10,
    "vegetation": 5.606829989595655e-10,
    "barren": 6.930099969005407e-10,
    "agricultural": 4.355315813679692e-09
  }
}