{
  "stats": {
    "water": 5.050504630524376e-09,
    "urban": 5.197938113411413e-10,
    "vegetation": 4.0860136685835694e-10,
    "barren": 5.557443404195071e-10,
    "agricultural": 4.712424402524793e-09
  }
}