{
  "stats": {
    "water": 3.34085724768653e-11,
    "urban": 5.6026902317017825e-09,
    "vegetation": 7.262733147144631e-14,
    "barren": 9.080595253874932e-10,
    "agricultural": 3.827387741213749e-09
  }
}