{
  "stats": {
    "water": 1.0167826406002482e-12,
    "urban": 1.4656195490937865e-10,
    "vegetation": 0.0,
    "barren": 2.520168402059187e-11,
    "agricultural": 3.950926832046679e-11
  }
}