{
  "stats": {
    "water": 0.0,
    "urban": 1.4416525297082092e-10,
    "vegetation": 0.0,
    "barren": 5.904602048628586e-11,
    "agricultural": 9.078416433930788e-12
  }
}