{
  "stats": {
    "water": 1.4525466294289262e-13,
    "urban": 4.539208216965394e-11,
    "vegetation": 0.0,
    "barren": 1.4772399221292178e-10,
    "agricultural": 1.9028360845518933e-11
  }
}