{
  "stats": {
    "water": 4.988626144110704e-09,
    "urban": 5.124584508625251e-10,
    "vegetation": 8.641199898472682e-10,
    "barren": 1.5946783171185466e-09,
    "agricultural": 3.2871856497291314e-09
  }
}