{
  "stats": {
    "water": 1.5251739609003726e-12,
    "urban": 1.5890860125952452e-10,
    "vegetation": 1.4525466294289262e-13,
    "barren": 1.496123028311794e-11,
    "agricultural": 3.674942972455183e-11
  }
}