{
  "stats": {
    "water": 2.2514472756148356e-12,
    "urban": 1.6079691187778213e-10,
    "vegetation": 0.0,
    "barren": 1.8447342193747363e-11,
    "agricultural": 3.079398854389324e-11
  }
}