{
  "stats": {
    "water": 1.3072919664860336e-12,
    "urban": 3.507900110070857e-11,
    "vegetation": 2.1788199441433894e-12,
    "barren": 1.29857668670946e-10,
    "agricultural": 4.386690820875357e-11
  }
}