{
  "stats": {
    "water": 4.676982264766728e-09,
    "urban": 3.247167990088364e-10,
    "vegetation": 1.4249482434697765e-09,
    "barren": 3.621198747166313e-10,
    "agricultural": 2.624969641372484e-09
  }
}