{
  "stats": {
    "water": 5.0736001219322964e-09,
    "urban": 6.845125991183814e-10,
    "vegetation": 1.4714297356115023e-10,
    "barren": 3.94293782558482e-10,
    "agricultural": 4.947519074497866e-09
  }
}