{
  "stats": {
    "water": 4.99596150458932e-09,
    "urban": 5.171066000766977e-10,
    "vegetation": 2.0281908586716095e-09,
    "barren": 9.780722729259675e-10,
    "agricultural": 2.7277373154045803e-09
  }
}