{
  "stats": {
    "water": 5.026682865801742e-09,
    "urban": 5.537107751383066e-10,
    "vegetation": 8.511923248453508e-10,
    "barren": 1.1121423268222573e-09,
    "agricultural": 3.7033402590605185e-09
  }
}