{
  "stats": {
    "water": 2.2514472756148356e-12,
    "urban": 4.7716156776740226e-11,
    "vegetation": 3.6313665735723153e-13,
    "barren": 1.1489643838782806e-10,
    "agricultural": 4.706251079349721e-11
  }
}