{
  "stats": {
    "water": 0.0,
    "urban": 1.1039354383659839e-11,
    "vegetation": 7.771124467444755e-12,
    "barren": 8.526448714747796e-11,
    "agricultural": 9.085679167077933e-11
  }
}