{
  "stats": {
    "water": 5.011285871529795e-12,
    "urban": 1.2615367476590223e-10,
    "vegetation": 7.262733147144631e-14,
    "barren": 2.6073211998249223e-11,
    "agricultural": 5.4978889923884856e-11
  }
}