{
  "stats": {
    "water": 4.158568372723544e-09,
    "urban": 2.1332826073107926e-09,
    "vegetation": 7.989006461859094e-13,
    "barren": 2.68503244449937e-10,
    "agricultural": 2.7193851722853642e-09
  }
}