{
  "stats": {
    "water": 5.0239956545372985e-09,
    "urban": 5.620629182575229e-10,
    "vegetation": 1.5186375010679423e-10,
    "barren": 7.3716741443518e-10,
    "agricultural": 4.77197881433138e-09
  }
}