{
  "stats": {
    "water": 0.0,
    "urban": 2.919618725152142e-11,
    "vegetation": 0.0,
    "barren": 1.6268522249603972e-11,
    "agricultural": 2.1134553458190877e-11
  }
}