{
  "stats": {
    "water": 2.1788199441433894e-12,
    "urban": 1.968200682876195e-11,
    "vegetation": 0.0,
    "barren": 9.187357431137958e-11,
    "agricultural": 3.718519371338051e-11
  }
}