{
  "stats": {
    "water": 5.447049860358473e-12,
    "urban": 1.4772399221292178e-10,
    "vegetation": 1.4525466294289262e-13,
    "barren": 1.8592596856690255e-11,
    "agricultural": 4.0380796298124146e-11
  }
}