{
  "stats": {
    "water": 5.039610530803659e-09,
    "urban": 5.617724089316372e-10,
    "vegetation": 3.803493349159643e-10,
    "barren": 1.2351003990034158e-09,
    "agricultural": 4.030235878013498e-09
  }
}