{
  "stats": {
    "water": 1.3008281339850748e-09,
    "urban": 8.395719518099193e-11,
    "vegetation": 0.0,
    "barren": 0.0,
    "agricultural": 0.0
  }
}