{
  "stats": {
    "water": 4.285012556815332e-12,
    "urban": 1.3181860662067505e-10,
    "vegetation": 0.0,
    "barren": 4.7643529445268776e-11,
    "agricultural": 2.8542541268278398e-11
  }
}