{
  "stats": {
    "water": 7.262733147144631e-14,
    "urban": 3.6095783741308814e-11,
    "vegetation": 0.0,
    "barren": 1.419138056952061e-10,
    "agricultural": 3.420747312305121e-11
  }
}