{
  "stats": {
    "water": 4.731670645364727e-10,
    "urban": 5.097639768649345e-09,
    "vegetation": 1.6399251446252575e-10,
    "barren": 2.0120675910849486e-09,
    "agricultural": 3.4994027122886975e-09
  }
}