{
  "stats": {
    "water": 5.00148118178115e-09,
    "urban": 5.700519247193821e-10,
    "vegetation": 2.2922638359017885e-09,
    "barren": 9.275962775533122e-10,
    "agricultural": 2.4556753317125427e-09
  }
}