{
  "stats": {
    "water": 1.4525466294289262e-13,
    "urban": 3.536951042659435e-11,
    "vegetation": 4.575521882701117e-12,
    "barren": 5.99175484639432e-11,
    "agricultural": 4.088918761842427e-11
  }
}