{
  "stats": {
    "water": 1.7735594345327188e-10,
    "urban": 5.771984541361724e-09,
    "vegetation": 2.4911174694706084e-11,
    "barren": 1.8337674923225477e-09,
    "agricultural": 3.4359264245826533e-09
  }
}