{
  "stats": {
    "water": 3.849248567986655e-12,
    "urban": 1.4198643302667753e-10,
    "vegetation": 1.162037303543141e-12,
    "barren": 4.452055419199659e-11,
    "agricultural": 2.0771416800833643e-11
  }
}