{
  "stats": {
    "water": 4.9996654984943635e-09,
    "urban": 5.229167865944134e-10,
    "vegetation": 1.7424023093314683e-09,
    "barren": 1.0778622263677346e-09,
    "agricultural": 2.904221730880195e-09
  }
}