{
  "stats": {
    "water": 4.502894551229671e-12,
    "urban": 1.2491901013088766e-10,
    "vegetation": 2.1788199441433894e-13,
    "barren": 5.868288382892861e-11,
    "agricultural": 2.3967019385577283e-11
  }
}