{
  "stats": {
    "water": 3.3553827139808195e-11,
    "urban": 5.520766601801991e-09,
    "vegetation": 2.9399543779641465e-10,
    "barren": 2.4983075752862817e-09,
    "agricultural": 2.899137817677194e-09
  }
}