{
  "stats": {
    "water": 2.6872112644435135e-12,
    "urban": 1.1395228307869925e-10,
    "vegetation": 7.262733147144631e-14,
    "barren": 3.086661587536468e-11,
    "agricultural": 6.471095234105866e-11
  }
}