{
  "stats": {
    "water": 1.670428623843265e-12,
    "urban": 2.2514472756148356e-11,
    "vegetation": 1.8955733514047486e-11,
    "barren": 7.538717006736126e-11,
    "agricultural": 8.076159259624829e-11
  }
}