{
  "stats": {
    "water": 3.0557949716611034e-09,
    "urban": 2.4813854070534345e-09,
    "vegetation": 8.109567832101695e-10,
    "barren": 1.8654330088440984e-09,
    "agricultural": 3.0325542255902405e-09
  }
}