{
  "stats": {
    "water": 0.0,
    "urban": 4.633623747878275e-11,
    "vegetation": 0.0,
    "barren": 1.5985275656865334e-10,
    "agricultural": 6.10069584360149e-12
  }
}