{
  "stats": {
    "water": 4.98492215020566e-09,
    "urban": 5.360623335907452e-10,
    "vegetation": 2.054627207327216e-10,
    "barren": 2.952301024314292e-10,
    "agricultural": 4.8181697971472196e-09
  }
}