{
  "stats": {
    "water": 2.9777205903292985e-12,
    "urban": 1.320364886150894e-10,
    "vegetation": 0.0,
    "barren": 5.490626259241341e-11,
    "agricultural": 2.2369218093205465e-11
  }
}