{
  "stats": {
    "water": 0.0,
    "urban": 3.43527277859941e-11,
    "vegetation": 0.0,
    "barren": 7.393462343793234e-11,
    "agricultural": 1.8592596856690255e-11
  }
}