{
  "stats": {
    "water": 5.447049860358473e-12,
    "urban": 1.5702029064126693e-10,
    "vegetation": 0.0,
    "barren": 1.9391497502876164e-11,
    "agricultural": 3.0430851886536e-11
  }
}