{
  "stats": {
    "water": 1.2346646350145872e-12,
    "urban": 6.042593978424333e-11,
    "vegetation": 5.810186517715705e-13,
    "barren": 6.60182443075447e-11,
    "agricultural": 7.044851152730292e-11
  }
}