{
  "stats": {
    "water": 4.988045125458933e-09,
    "urban": 4.869662575160475e-10,
    "vegetation": 2.4356301882264235e-09,
    "barren": 1.3349629797766546e-09,
    "agricultural": 2.0014640006901175e-09
  }
}