{
  "stats": {
    "water": 2.1788199441433894e-12,
    "urban": 1.3726565648103353e-10,
    "vegetation": 0.0,
    "barren": 5.2582187985327125e-11,
    "agricultural": 2.026302548053352e-11
  }
}