{
  "stats": {
    "water": 5.447049860358473e-12,
    "urban": 1.3791930246427655e-10,
    "vegetation": 7.262733147144631e-14,
    "barren": 4.6772001467611426e-11,
    "agricultural": 2.2078708767319678e-11
  }
}