{
  "stats": {
    "water": 4.285012556815332e-12,
    "urban": 4.067130562400993e-11,
    "vegetation": 1.9609379497290502e-12,
    "barren": 1.1467855639341372e-10,
    "agricultural": 5.0475995372655184e-11
  }
}