{
  "stats": {
    "water": 4.967927354641342e-09,
    "urban": 5.716497260117539e-10,
    "vegetation": 1.930507097842514e-09,
    "barren": 1.299738724013003e-09,
    "agricultural": 2.4772456491595623e-09
  }
}