{
  "stats": {
    "water": 1.8592596856690255e-11,
    "urban": 5.43230651206977e-09,
    "vegetation": 1.2478101820109191e-09,
    "barren": 2.4317809396584366e-09,
    "agricultural": 2.113527973150559e-09
  }
}