{
  "stats": {
    "water": 7.262733147144631e-13,
    "urban": 4.306800756256766e-11,
    "vegetation": 0.0,
    "barren": 1.3407005389628988e-10,
    "agricultural": 3.442535511746555e-11
  }
}