{
  "stats": {
    "water": 4.945921273205493e-11,
    "urban": 8.497397782159218e-10,
    "vegetation": 0.0,
    "barren": 5.829069623898281e-10,
    "agricultural": 2.50927430233847e-10
  }
}