{
  "stats": {
    "water": 3.8419858348395094e-11,
    "urban": 6.026615965500614e-10,
    "vegetation": 2.7598385959149597e-12,
    "barren": 7.736989621653176e-10,
    "agricultural": 3.1549312791196276e-10
  }
}