{
  "stats": {
    "water": 1.060359039483116e-11,
    "urban": 8.853997979684019e-10,
    "vegetation": 0.0,
    "barren": 5.995386212967893e-10,
    "agricultural": 2.374913739116294e-10
  }
}