{
  "stats": {
    "water": 0.0,
    "urban": 1.6588082508078337e-10,
    "vegetation": 0.0,
    "barren": 4.430267219758225e-11,
    "agricultural": 9.376188492963719e-11
  }
}