{
  "stats": {
    "water": 5.723033719949969e-11,
    "urban": 5.849405276710286e-10,
    "vegetation": 1.7430559553147115e-12,
    "barren": 8.77120282180657e-10,
    "agricultural": 2.1199918056515178e-10
  }
}