{
  "stats": {
    "water": 9.078416433930788e-12,
    "urban": 8.324544733257176e-10,
    "vegetation": 0.0,
    "barren": 6.057119444718622e-10,
    "agricultural": 2.8578854934014123e-10
  }
}