{
  "stats": {
    "water": 0.0,
    "urban": 1.2709783007503103e-10,
    "vegetation": 4.285012556815332e-12,
    "barren": 4.5319454838182496e-11,
    "agricultural": 1.2724308473797393e-10
  }
}