{
  "stats": {
    "water": 0.0,
    "urban": 1.4576305426319273e-10,
    "vegetation": 7.262733147144631e-13,
    "barren": 5.2654815316798576e-11,
    "agricultural": 1.0480123931329702e-10
  }
}