{
  "stats": {
    "water": 5.3962107283284604e-11,
    "urban": 6.096338203713203e-10,
    "vegetation": 5.374422528887027e-12,
    "barren": 7.524191540441837e-10,
    "agricultural": 3.116438793439761e-10
  }
}