{
  "stats": {
    "water": 0.0,
    "urban": 1.0806946922951211e-10,
    "vegetation": 1.0313081068945376e-11,
    "barren": 6.928647422375978e-11,
    "agricultural": 1.1627635768578553e-10
  }
}