{
  "stats": {
    "water": 0.0,
    "urban": 1.2789673072121695e-10,
    "vegetation": 9.223671096873682e-12,
    "barren": 5.1638032676198324e-11,
    "agricultural": 1.1518694771371385e-10
  }
}