{
  "stats": {
    "water": 0.0,
    "urban": 1.5396994271946618e-10,
    "vegetation": 0.0,
    "barren": 6.311315104868685e-11,
    "agricultural": 8.686228843984979e-11
  }
}