{
  "stats": {
    "water": 1.1068405316248418e-10,
    "urban": 1.113231736794329e-09,
    "vegetation": 1.8592596856690255e-11,
    "barren": 1.4208811129073756e-09,
    "agricultural": 7.441105873238503e-09
  }
}