{
  "stats": {
    "water": 1.1910882361317194e-10,
    "urban": 1.0702363565632328e-09,
    "vegetation": 2.178819944143389e-11,
    "barren": 1.5033857614589386e-09,
    "agricultural": 7.389976231882605e-09
  }
}