{
  "stats": {
    "water": 1.2027086091671508e-10,
    "urban": 1.2457039893982471e-09,
    "vegetation": 0.0,
    "barren": 1.0789516363398064e-09,
    "agricultural": 7.659568886304614e-09
  }
}