{
  "stats": {
    "water": 9.005789102459342e-11,
    "urban": 1.2730118660315108e-09,
    "vegetation": 5.810186517715705e-13,
    "barren": 1.8534494991513099e-09,
    "agricultural": 6.887395098100196e-09
  }
}