{
  "stats": {
    "water": 3.369908180275109e-11,
    "urban": 9.668150365478932e-10,
    "vegetation": 1.416232963693203e-11,
    "barren": 4.604572815289696e-11,
    "agricultural": 3.918970806199243e-10
  }
}