{
  "stats": {
    "water": 2.0335652812004965e-12,
    "urban": 4.938658540058349e-12,
    "vegetation": 1.7430559553147115e-12,
    "barren": 4.880556674881192e-11,
    "agricultural": 1.557129986747809e-10
  }
}