{
  "stats": {
    "water": 5.022906244565227e-10,
    "urban": 2.5100005756531843e-10,
    "vegetation": 3.2311899771646463e-10,
    "barren": 4.3649026214339233e-11,
    "agricultural": 3.676540773747555e-09
  }
}