{
  "stats": {
    "water": 3.6822057056023276e-11,
    "urban": 9.543231355348044e-10,
    "vegetation": 2.1933454104376786e-11,
    "barren": 3.5442137758065797e-11,
    "agricultural": 4.040984723071273e-10
  }
}