{
  "stats": {
    "water": 0.0,
    "urban": 4.648149214172564e-12,
    "vegetation": 0.0,
    "barren": 4.851505742292613e-11,
    "agricultural": 1.6007063856306767e-10
  }
}