{
  "stats": {
    "water": 0.0,
    "urban": 3.776621236515208e-12,
    "vegetation": 5.810186517715705e-13,
    "barren": 4.735302011938299e-11,
    "agricultural": 1.6152318519249659e-10
  }
}