{
  "stats": {
    "water": 3.43527277859941e-11,
    "urban": 1.014966957313462e-09,
    "vegetation": 8.715279776573558e-12,
    "barren": 3.624103840425171e-11,
    "agricultural": 3.583432534801161e-10
  }
}