{
  "stats": {
    "water": 5.273470538141716e-10,
    "urban": 1.1787415897815737e-10,
    "vegetation": 1.7140050227261328e-10,
    "barren": 3.8056721691037866e-11,
    "agricultural": 3.94192104294422e-09
  }
}