{
  "stats": {
    "water": 2.9050932588578523e-13,
    "urban": 3.952669888001994e-09,
    "vegetation": 3.5151628432180013e-11,
    "barren": 2.8882437179564767e-09,
    "agricultural": 1.249771119960648e-09
  }
}