{
  "stats": {
    "water": 0.0,
    "urban": 4.492436215497783e-09,
    "vegetation": 2.324074607086282e-12,
    "barren": 2.342667203942972e-09,
    "agricultural": 1.2886993696293433e-09
  }
}