{
  "stats": {
    "water": 5.810186517715705e-13,
    "urban": 4.0520240774549326e-09,
    "vegetation": 7.66944620338473e-11,
    "barren": 2.774364062209249e-09,
    "agricultural": 1.2224632433273844e-09
  }
}