{
  "stats": {
    "water": 3.050347921800745e-12,
    "urban": 2.117304594387074e-09,
    "vegetation": 2.8179404610921167e-11,
    "barren": 2.923250091725714e-10,
    "agricultural": 8.590360766442669e-10
  }
}