{
  "stats": {
    "water": 2.9050932588578522e-12,
    "urban": 3.6653561647009523e-09,
    "vegetation": 1.4699771889820733e-10,
    "barren": 2.955932390887865e-09,
    "agricultural": 1.3549354959313024e-09
  }
}