{
  "stats": {
    "water": 3.486111910629423e-12,
    "urban": 8.562762380483519e-11,
    "vegetation": 0.0,
    "barren": 3.885562233722377e-11,
    "agricultural": 2.884031332731133e-10
  }
}