{
  "stats": {
    "water": 0.0,
    "urban": 2.6113883303873234e-09,
    "vegetation": 0.0,
    "barren": 3.5677450312033284e-09,
    "agricultural": 1.9469935020865325e-09
  }
}