{
  "stats": {
    "water": 0.0,
    "urban": 3.3527681300478474e-09,
    "vegetation": 0.0,
    "barren": 3.913160619681527e-09,
    "agricultural": 8.601981139478101e-10
  }
}