{
  "stats": {
    "water": 7.190105815673184e-12,
    "urban": 6.238687773397238e-11,
    "vegetation": 2.9050932588578523e-13,
    "barren": 7.705759869120453e-11,
    "agricultural": 2.694473997590658e-10
  }
}