{
  "stats": {
    "water": 4.357639888286779e-12,
    "urban": 7.240944947703197e-11,
    "vegetation": 1.2128764355731533e-11,
    "barren": 7.444301475823247e-11,
    "agricultural": 2.5303362284651895e-10
  }
}