{
  "stats": {
    "water": 5.810186517715705e-13,
    "urban": 3.9613851677785675e-09,
    "vegetation": 7.120383577460596e-10,
    "barren": 9.68558092503208e-10,
    "agricultural": 2.483564226997578e-09
  }
}