{
  "stats": {
    "water": 0.0,
    "urban": 2.264520195279696e-09,
    "vegetation": 0.0,
    "barren": 2.4046909450195874e-10,
    "agricultural": 7.949061429549799e-10
  }
}