{
  "stats": {
    "water": 8.715279776573558e-13,
    "urban": 2.9358872474017457e-09,
    "vegetation": 0.0,
    "barren": 4.445373704704286e-09,
    "agricultural": 6.948983075187983e-10
  }
}