{
  "stats": {
    "water": 6.536459832430168e-13,
    "urban": 7.930904596681937e-11,
    "vegetation": 0.0,
    "barren": 1.2412010948470174e-10,
    "agricultural": 2.1228968989103755e-10
  }
}