{
  "stats": {
    "water": 0.0,
    "urban": 2.7409554897323835e-09,
    "vegetation": 0.0,
    "barren": 1.4333730139204644e-09,
    "agricultural": 3.8966015881060374e-09
  }
}