{
  "stats": {
    "water": 0.0,
    "urban": 2.5030283518319256e-09,
    "vegetation": 1.162037303543141e-12,
    "barren": 4.47268158133755e-09,
    "agricultural": 1.1492548932041664e-09
  }
}