{
  "stats": {
    "water": 2.5419566015006206e-12,
    "urban": 2.0098161438093336e-09,
    "vegetation": 3.740307570779485e-11,
    "barren": 4.753458844806161e-10,
    "agricultural": 7.747883721373893e-10
  }
}