{
  "stats": {
    "water": 0.0,
    "urban": 2.233145188084031e-09,
    "vegetation": 0.0,
    "barren": 3.6909209853789014e-10,
    "agricultural": 6.976581461147132e-10
  }
}