{
  "stats": {
    "water": 2.9050932588578523e-13,
    "urban": 3.998860870817833e-09,
    "vegetation": 1.928981923881614e-10,
    "barren": 2.564906838245598e-09,
    "agricultural": 1.3691704528997057e-09
  }
}