{
  "stats": {
    "water": 8.715279776573558e-13,
    "urban": 3.0012518457260474e-09,
    "vegetation": 1.2152005101802397e-09,
    "barren": 2.1189750230109174e-09,
    "agricultural": 1.7898279567823229e-09
  }
}