{
  "stats": {
    "water": 2.9050932588578523e-13,
    "urban": 2.376656795071609e-09,
    "vegetation": 1.4156519450414315e-09,
    "barren": 1.0763370524068343e-09,
    "agricultural": 3.2243630080063303e-09
  }
}