{
  "stats": {
    "water": 3.994503230929547e-12,
    "urban": 6.97948655440599e-11,
    "vegetation": 4.357639888286779e-13,
    "barren": 6.398467902634419e-11,
    "agricultural": 2.7816267953563936e-10
  }
}