{
  "stats": {
    "water": 0.0,
    "urban": 4.098215060270772e-09,
    "vegetation": 5.7811355851271265e-11,
    "barren": 1.2767884872680261e-09,
    "agricultural": 2.693311960287115e-09
  }
}