{
  "stats": {
    "water": 2.9050932588578523e-13,
    "urban": 3.872779823383403e-09,
    "vegetation": 5.31632066370987e-11,
    "barren": 1.179467863096288e-09,
    "agricultural": 3.020425461234509e-09
  }
}