{
  "stats": {
    "water": 4.575521882701117e-12,
    "urban": 7.124741217348883e-11,
    "vegetation": 0.0,
    "barren": 7.153792149937461e-11,
    "agricultural": 2.690116357702371e-10
  }
}