{
  "stats": {
    "water": 0.0,
    "urban": 4.389595914134215e-09,
    "vegetation": 1.475787375499789e-10,
    "barren": 1.080694692295121e-09,
    "agricultural": 2.5082575196978697e-09
  }
}