{
  "stats": {
    "water": 0.0,
    "urban": 1.8136497215049571e-09,
    "vegetation": 0.0,
    "barren": 5.453150556202075e-09,
    "agricultural": 8.593265859701527e-10
  }
}