{
  "stats": {
    "water": 5.810186517715705e-13,
    "urban": 2.7249774768086654e-09,
    "vegetation": 1.1751102232080013e-09,
    "barren": 1.0342132001533953e-09,
    "agricultural": 3.1912449448553508e-09
  }
}