{
  "stats": {
    "water": 3.268229916215084e-12,
    "urban": 2.1306680233778205e-09,
    "vegetation": 2.7380503964735258e-11,
    "barren": 3.4258312255081223e-10,
    "agricultural": 7.959955529270516e-10
  }
}