{
  "stats": {
    "water": 0.0,
    "urban": 2.885048115371733e-09,
    "vegetation": 0.0,
    "barren": 4.5148054335909885e-09,
    "agricultural": 7.26273314714463e-10
  }
}