{
  "stats": {
    "water": 0.0,
    "urban": 2.292990109216503e-09,
    "vegetation": 2.94866965774072e-10,
    "barren": 1.6529980642901179e-09,
    "agricultural": 3.885271724396491e-09
  }
}