{
  "stats": {
    "water": 0.0,
    "urban": 3.858544866414999e-09,
    "vegetation": 2.007419441870776e-10,
    "barren": 1.1698810553420571e-09,
    "agricultural": 2.8969589977330503e-09
  }
}