{
  "stats": {
    "water": 0.0,
    "urban": 9.787259189092104e-10,
    "vegetation": 0.0,
    "barren": 2.926881458299286e-09,
    "agricultural": 4.220228977142802e-09
  }
}