{
  "stats": {
    "water": 2.9050932588578523e-13,
    "urban": 2.391472770691784e-09,
    "vegetation": 3.3321419679099565e-10,
    "barren": 1.5103579852801975e-09,
    "agricultural": 3.87713746327169e-09
  }
}