{
  "stats": {
    "water": 0.0,
    "urban": 4.254218568271439e-09,
    "vegetation": 4.067130562400993e-12,
    "barren": 2.472524872613918e-09,
    "agricultural": 1.3953162922294264e-09
  }
}