{
  "stats": {
    "water": 3.5587392421008692e-12,
    "urban": 2.195887367039179e-09,
    "vegetation": 1.2346646350145872e-12,
    "barren": 3.76064322359149e-10,
    "agricultural": 7.231503394611909e-10
  }
}