{
  "stats": {
    "water": 2.1788199441433894e-13,
    "urban": 4.009101324555308e-09,
    "vegetation": 1.0785158723509777e-10,
    "barren": 1.566571539839097e-09,
    "agricultural": 2.389148696084698e-09
  }
}