{
  "stats": {
    "water": 2.9050932588578523e-13,
    "urban": 4.122327334319292e-09,
    "vegetation": 7.553242473030416e-12,
    "barren": 1.7591792229013726e-09,
    "agricultural": 2.183540720689033e-09
  }
}