{
  "stats": {
    "water": 4.357639888286779e-13,
    "urban": 3.4031714980890312e-09,
    "vegetation": 1.5476884336565207e-10,
    "barren": 2.242078349855019e-09,
    "agricultural": 2.2724365744100835e-09
  }
}