{
  "stats": {
    "water": 2.1788199441433894e-13,
    "urban": 3.904082203247597e-09,
    "vegetation": 5.512414458682775e-11,
    "barren": 1.7808221676798634e-09,
    "agricultural": 2.3326446321999126e-09
  }
}