{
  "stats": {
    "water": 0.0,
    "urban": 4.020939579585153e-09,
    "vegetation": 1.4525466294289262e-13,
    "barren": 1.9597032850940358e-09,
    "agricultural": 2.0921029103664826e-09
  }
}