{
  "stats": {
    "water": 2.4693292700291744e-11,
    "urban": 4.1034442281367164e-11,
    "vegetation": 2.7235249301792367e-11,
    "barren": 1.183825502984575e-10,
    "agricultural": 3.362645447127964e-10
  }
}