{
  "stats": {
    "water": 2.0190398149062073e-11,
    "urban": 3.7548330370737744e-11,
    "vegetation": 2.106192612671943e-12,
    "barren": 1.496123028311794e-10,
    "agricultural": 3.3815285533105403e-10
  }
}