{
  "stats": {
    "water": 2.4475410705877405e-11,
    "urban": 3.442535511746555e-11,
    "vegetation": 1.554224893488951e-11,
    "barren": 1.5360680606210894e-10,
    "agricultural": 3.1956025847436374e-10
  }
}