{
  "stats": {
    "water": 1.9972516154647734e-11,
    "urban": 3.892824966869522e-11,
    "vegetation": 1.3799192979574799e-12,
    "barren": 1.2027086091671508e-10,
    "agricultural": 3.670585332566896e-10
  }
}