{
  "stats": {
    "water": 2.3821764722634388e-11,
    "urban": 2.8542541268278398e-11,
    "vegetation": 2.1933454104376786e-11,
    "barren": 1.46779836903793e-10,
    "agricultural": 3.265324822956226e-10
  }
}