{
  "stats": {
    "water": 8.27951578774488e-12,
    "urban": 4.401216287169646e-11,
    "vegetation": 1.0167826406002482e-12,
    "barren": 1.414780417063774e-10,
    "agricultural": 3.5282357628828617e-10
  }
}