{
  "stats": {
    "water": 0.0,
    "urban": 4.171205528399576e-09,
    "vegetation": 0.0,
    "barren": 1.6580819774931192e-09,
    "agricultural": 2.2436035238159194e-09
  }
}