{
  "stats": {
    "water": 2.2122285166202546e-10,
    "urban": 4.895808414490195e-10,
    "vegetation": 8.06163379333054e-12,
    "barren": 1.2165078021467257e-10,
    "agricultural": 3.6457467852036616e-09
  }
}