{
  "stats": {
    "water": 1.0670407539784892e-09,
    "urban": 5.522872794414663e-09,
    "vegetation": 6.449307034664432e-11,
    "barren": 1.0745068436537539e-08,
    "agricultural": 2.502912148101571e-08
  }
}