{
  "stats": {
    "water": 1.458356815946642e-10,
    "urban": 1.6835015435081254e-10,
    "vegetation": 5.824711984009994e-11,
    "barren": 7.18284308252604e-11,
    "agricultural": 4.042001505711873e-09
  }
}