{
  "stats": {
    "water": 2.0430068342917847e-10,
    "urban": 1.2746096673238827e-10,
    "vegetation": 1.6776913569904098e-11,
    "barren": 6.79065549258023e-11,
    "agricultural": 4.069817773665437e-09
  }
}