{
  "stats": {
    "water": 9.521443155906611e-11,
    "urban": 9.296298428345128e-10,
    "vegetation": 9.586807754230912e-12,
    "barren": 4.075845842177567e-10,
    "agricultural": 3.0442472259571436e-09
  }
}