{
  "stats": {
    "water": 7.744978628115034e-10,
    "urban": 5.038884257488945e-09,
    "vegetation": 1.9812736025410553e-10,
    "barren": 1.25197899083738e-08,
    "agricultural": 2.3897297147364692e-08
  }
}