{
  "stats": {
    "water": 1.4997543948853664e-10,
    "urban": 6.39846790263442e-10,
    "vegetation": 1.597801292371819e-11,
    "barren": 5.3308461300041593e-11,
    "agricultural": 3.6271541883469714e-09
  }
}