{
  "stats": {
    "water": 7.463184582005822e-10,
    "urban": 9.119959267532456e-09,
    "vegetation": 1.4525466294289261e-12,
    "barren": 5.7146089494992816e-09,
    "agricultural": 2.68462573144313e-08
  }
}