{
  "stats": {
    "water": 1.1117791901649e-09,
    "urban": 4.220519486468688e-09,
    "vegetation": 4.622003374842843e-10,
    "barren": 1.1702587174657087e-08,
    "agricultural": 2.4930638819540432e-08
  }
}