{
  "stats": {
    "water": 1.414780417063774e-10,
    "urban": 2.4286579644051647e-10,
    "vegetation": 0.0,
    "barren": 5.89733931548144e-11,
    "agricultural": 4.0429456610210015e-09
  }
}