{
  "stats": {
    "water": 1.0391518586934538e-09,
    "urban": 1.0841517532731618e-08,
    "vegetation": 0.0,
    "barren": 5.529554508910036e-09,
    "agricultural": 2.5018372635957937e-08
  }
}