{
  "stats": {
    "water": 1.0115534727343043e-09,
    "urban": 4.178395634215249e-09,
    "vegetation": 1.3067109478342619e-09,
    "barren": 1.1694452913532285e-08,
    "agricultural": 2.4231963890785117e-08
  }
}