{
  "stats": {
    "water": 2.970457857182154e-11,
    "urban": 1.5520460735448075e-10,
    "vegetation": 5.810186517715705e-13,
    "barren": 1.1469308185970802e-09,
    "agricultural": 5.513867005312203e-10
  }
}