{
  "stats": {
    "water": 1.019978243184992e-09,
    "urban": 2.6004216033351353e-09,
    "vegetation": 1.2804198538415985e-10,
    "barren": 2.3365665080993705e-09,
    "agricultural": 3.6133549953673966e-09
  }
}