{
  "stats": {
    "water": 9.121992832813656e-10,
    "urban": 3.695932271250431e-09,
    "vegetation": 2.9050932588578524e-11,
    "barren": 1.6387631073217145e-09,
    "agricultural": 3.4224177409289645e-09
  }
}