{
  "stats": {
    "water": 9.925251118887853e-10,
    "urban": 2.173881285603331e-09,
    "vegetation": 6.202374107661515e-11,
    "barren": 6.585846417830751e-10,
    "agricultural": 5.811348555019248e-09
  }
}