{
  "stats": {
    "water": 9.897652732928704e-10,
    "urban": 1.1048069663436412e-09,
    "vegetation": 1.587923975291702e-09,
    "barren": 6.088349197251345e-10,
    "agricultural": 5.407032200717706e-09
  }
}