{
  "stats": {
    "water": 8.754498535568138e-10,
    "urban": 1.9151101035705678e-09,
    "vegetation": 4.975698479108787e-10,
    "barren": 2.773710416226006e-09,
    "agricultural": 3.636523114106788e-09
  }
}