{
  "stats": {
    "water": 6.021532052297613e-10,
    "urban": 3.508117992065271e-09,
    "vegetation": 3.849248567986655e-12,
    "barren": 2.5196600107388867e-09,
    "agricultural": 3.0645828787691484e-09
  }
}