{
  "stats": {
    "water": 6.548806478780313e-10,
    "urban": 2.8934002584909495e-09,
    "vegetation": 7.98174372871195e-11,
    "barren": 2.221379560385657e-09,
    "agricultural": 3.848885431329297e-09
  }
}