{
  "stats": {
    "water": 6.105779756804492e-10,
    "urban": 2.7612911425443887e-09,
    "vegetation": 6.68171449537306e-12,
    "barren": 7.494414334538545e-10,
    "agricultural": 5.570371069196989e-09
  }
}