{
  "stats": {
    "water": 6.897417669843256e-10,
    "urban": 1.5780466582115854e-09,
    "vegetation": 4.879830401566477e-10,
    "barren": 4.344349086627504e-09,
    "agricultural": 2.59766176473922e-09
  }
}