{
  "stats": {
    "water": 7.473352408411825e-10,
    "urban": 1.5771025029024567e-09,
    "vegetation": 1.389215596385825e-09,
    "barren": 1.0499007037512278e-09,
    "agricultural": 4.9348092914903625e-09
  }
}