{
  "stats": {
    "water": 6.453664674552719e-10,
    "urban": 1.0044359942501024e-09,
    "vegetation": 3.0365487288211704e-10,
    "barren": 5.5538120376215e-10,
    "agricultural": 4.006849877279693e-09
  }
}