{
  "stats": {
    "water": 6.848031084442672e-10,
    "urban": 2.697524345512459e-09,
    "vegetation": 8.214151189420578e-11,
    "barren": 1.0663144806637747e-09,
    "agricultural": 5.167579888856348e-09
  }
}