{
  "stats": {
    "water": 4.969888292591071e-10,
    "urban": 1.928183023235428e-09,
    "vegetation": 5.658395394940382e-10,
    "barren": 4.05340399675289e-09,
    "agricultural": 2.652931163988991e-09
  }
}