{
  "stats": {
    "water": 1.0395149953508111e-09,
    "urban": 1.7721795152347613e-09,
    "vegetation": 4.864578661957474e-10,
    "barren": 1.3699693535458916e-09,
    "agricultural": 5.0302416050438424e-09
  }
}